DJI_0023.JPG	216	17333	4688.54	3554.39	94	81	95
DJI_0023.JPG	217	26251	3669.82	3347.57	253	236	233
DJI_0023.JPG	214	26250	3669.82	3347.57	253	236	233
DJI_0023.JPG	212	21954	4161.19	3210.94	89	61	121
DJI_0023.JPG	213	9652	5060.78	3218.48	250	232	221
DJI_0023.JPG	211	13128	5134.16	3253.66	233	215	214
DJI_0023.JPG	165	3824	3427.15	3468.71	99	71	60
DJI_0023.JPG	218	20799	4685.69	3628.08	82	104	116
DJI_0023.JPG	219	24826	1947.7	1122	91	77	65
DJI_0023.JPG	133	23951	5353.85	3136.6	248	239	230
DJI_0023.JPG	132	27770	4582.29	3414.66	140	125	123
DJI_0023.JPG	131	9031	3740.7	3359.64	255	254	255
DJI_0023.JPG	137	2795	1949.63	958.701	246	252	255
DJI_0023.JPG	136	4803	3414.88	3439.52	233	223	246
DJI_0023.JPG	134	18140	4029.79	3460.33	255	255	250
DJI_0023.JPG	139	35859	3933.5	3476.22	106	89	93
DJI_0023.JPG	138	19192	5248.06	3308.09	46	26	25
DJI_0023.JPG	166	5300	3630.22	3353	249	242	245
DJI_0023.JPG	24	39664	5440.53	2844.64	26	52	29
DJI_0023.JPG	25	14787	5165.06	3307.96	139	124	115
DJI_0023.JPG	26	23442	4205.95	3212.38	123	79	118
DJI_0023.JPG	27	24877	4404.38	3539.44	224	220	245
DJI_0023.JPG	20	6877	3670.53	3224.85	247	234	255
DJI_0023.JPG	21	11811	3471.24	3103.82	122	117	108
DJI_0023.JPG	22	10842	4826.96	3447.84	255	253	238
DJI_0023.JPG	23	11542	4823.51	3380.2	53	45	32
DJI_0023.JPG	160	7722	4348.28	3504.98	63	49	73
DJI_0023.JPG	28	9645	5060.71	3339.08	35	15	10
DJI_0023.JPG	29	32300	248.824	3545.07	194	237	216
DJI_0023.JPG	161	23383	2938.44	2826.69	112	98	110
DJI_0023.JPG	0	15129	5171.11	3320.16	88	61	70
DJI_0023.JPG	4	13416	3910.97	3262.97	237	231	236
DJI_0023.JPG	8	7054	3675.1	3349.14	255	241	247
DJI_0023.JPG	163	3162	3466.7	3173.52	218	221	236
DJI_0023.JPG	119	1363	4406.39	3535.05	88	79	129
DJI_0023.JPG	120	13381	3909.98	3318.7	251	241	234
DJI_0023.JPG	121	3626	3430.04	3442.55	78	50	39
DJI_0023.JPG	122	13926	3297.6	3452.68	255	255	242
DJI_0023.JPG	123	10406	4830.05	3355.97	222	218	194
DJI_0023.JPG	124	12885	5130	3278.65	55	33	51
DJI_0023.JPG	125	4131	4623.45	2447.81	95	58	36
DJI_0023.JPG	126	14438	1206.46	3091.58	246	255	255
DJI_0023.JPG	127	19364	4067.06	3566.95	53	32	57
DJI_0023.JPG	129	13213	3905.86	3346.72	240	234	239
DJI_0023.JPG	220	14129	3930.07	2993.8	255	214	145
DJI_0023.JPG	59	12050	5110.2	3406.36	217	210	190
DJI_0023.JPG	58	24244	4832.72	3439.98	51	39	39
DJI_0023.JPG	57	22391	2944.2	2835.23	120	103	116
DJI_0023.JPG	56	24825	1947.7	1122	91	77	65
DJI_0023.JPG	51	613	4706.72	2891	240	252	232
DJI_0023.JPG	50	11674	3847.46	3304.57	176	168	169
DJI_0023.JPG	53	18046	5223.62	2979.21	46	33	35
DJI_0023.JPG	52	19770	4485.95	3063.49	255	255	244
DJI_0023.JPG	164	28217	5404.84	3575.01	211	206	208
DJI_0023.JPG	201	37090	3785.23	3500.17	255	240	234
DJI_0023.JPG	199	18510	5382.17	3349.94	137	113	113
DJI_0023.JPG	198	24524	1292.84	3610.59	238	238	232
DJI_0023.JPG	200	17438	5212.81	3365.38	250	234	227
DJI_0023.JPG	195	17385	5211.76	3300.5	254	237	234
DJI_0023.JPG	194	8015	4345.85	3498.74	246	246	255
DJI_0023.JPG	197	20483	5372.78	3345.22	255	255	242
DJI_0023.JPG	178	16196	1063.15	3617.12	216	255	255
DJI_0023.JPG	191	35591	3790.21	3257.22	229	223	234
DJI_0023.JPG	190	8287	4343.41	3593.18	231	222	225
DJI_0023.JPG	192	17439	5212.81	3365.38	250	234	227
DJI_0023.JPG	115	8380	3718.82	3103.06	159	188	165
DJI_0023.JPG	114	22627	5362.9	3564.93	249	244	243
DJI_0023.JPG	88	22662	5330.34	3294.69	255	254	237
DJI_0023.JPG	89	15467	5395.72	3288.8	84	65	68
DJI_0023.JPG	111	20083	5272.41	3030.42	255	255	251
DJI_0023.JPG	110	12690	4817.71	3497.15	38	33	24
DJI_0023.JPG	113	21701	5309.64	3002.88	126	118	125
DJI_0023.JPG	112	6482	3660.67	3312.57	255	249	252
DJI_0023.JPG	82	10213	3783.37	3504.42	251	243	244
DJI_0023.JPG	83	21646	4150.76	3587.79	247	238	234
DJI_0023.JPG	80	11568	5410.97	3282.7	37	22	13
DJI_0023.JPG	81	7892	4346.8	3247.56	55	35	17
DJI_0023.JPG	86	213	3479.96	3077.02	212	216	217
DJI_0023.JPG	87	18380	868.835	828.627	226	235	245
DJI_0023.JPG	84	34364	5222.93	3378.68	62	38	48
DJI_0023.JPG	85	30639	4180.86	3305.11	189	179	192
DJI_0023.JPG	207	13954	5149.37	3337.24	84	62	74
DJI_0023.JPG	206	11951	3858.96	3339.02	171	166	165
DJI_0023.JPG	226	612	4706.72	2891	240	252	232
DJI_0023.JPG	3	1941	4425.75	3073.19	243	240	242
DJI_0023.JPG	177	29162	4627.26	3603.01	222	211	207
DJI_0023.JPG	7	19707	5261.48	3001.67	139	136	128
DJI_0023.JPG	225	14715	4651	3636	54	36	35
DJI_0023.JPG	108	17742	4018.7	2037.97	112	144	103
DJI_0023.JPG	240	20555	4251.89	3354.9	255	254	252
DJI_0023.JPG	102	1267	4953.23	3196.69	205	159	135
DJI_0023.JPG	103	19617	5259.64	3575.96	74	54	29
DJI_0023.JPG	100	14588	5161.83	3291.99	84	55	58
DJI_0023.JPG	101	13360	5138.15	3327.58	245	234	220
DJI_0023.JPG	106	22842	4465.71	3164.31	160	144	137
DJI_0023.JPG	107	1362	4406.39	3535.05	88	79	129
DJI_0023.JPG	104	891	3457.36	3191.75	206	201	230
DJI_0023.JPG	105	11884	3856.3	3350.19	169	159	159
DJI_0023.JPG	39	18852	5239.47	3203.72	82	68	62
DJI_0023.JPG	38	8473	5043.44	3300.31	50	28	17
DJI_0023.JPG	33	18867	4776.84	2836.82	212	207	208
DJI_0023.JPG	32	2543	4605.8	3551.06	246	235	243
DJI_0023.JPG	31	23643	3169.64	3614.76	87	75	75
DJI_0023.JPG	30	2641	3061.88	3138.89	148	142	161
DJI_0023.JPG	37	34448	3666.3	3249.54	255	254	244
DJI_0023.JPG	36	7694	3696.54	2581.41	255	255	245
DJI_0023.JPG	35	18327	5229.42	3018.94	56	30	24
DJI_0023.JPG	34	14786	5165.06	3307.96	139	124	115
DJI_0023.JPG	205	17714	5217.14	3374.05	255	240	233
DJI_0023.JPG	223	5634	4364.77	2923.9	244	236	253
DJI_0023.JPG	176	22758	5332.19	3004.98	123	111	133
DJI_0023.JPG	60	8239	4343.94	3263.87	57	40	31
DJI_0023.JPG	61	16297	4280.84	3497.34	62	29	66
DJI_0023.JPG	62	12529	3483.1	3097.94	107	100	121
DJI_0023.JPG	64	15098	4804.21	2867.01	228	219	239
DJI_0023.JPG	66	10755	4827.76	3413.07	236	224	224
DJI_0023.JPG	67	22970	5361.05	3280.57	251	236	233
DJI_0023.JPG	68	3368	4701.18	3591.31	249	242	223
DJI_0023.JPG	69	17566	4014.36	3515.68	132	115	129
DJI_0023.JPG	175	10555	3340.59	3242.56	28	27	23
DJI_0023.JPG	174	21468	590.24	3129.28	255	255	245
DJI_0023.JPG	173	6830	3387.31	3498.29	114	87	91
DJI_0023.JPG	172	22759	5332.19	3004.98	123	111	133
DJI_0023.JPG	203	15191	5172.39	3298.31	97	82	80
DJI_0023.JPG	222	12015	1390.37	3076.88	228	234	233
DJI_0023.JPG	182	7433	4696.02	3524.98	209	198	236
DJI_0023.JPG	183	10516	3798.03	3003.38	248	241	246
DJI_0023.JPG	180	18539	5232.63	3039.95	61	35	29
DJI_0023.JPG	2	20082	5272.41	3030.42	255	255	251
DJI_0023.JPG	162	12458	5120.39	3404.49	203	187	170
DJI_0023.JPG	187	20819	636.855	3308.33	255	255	244
DJI_0023.JPG	184	22183	4168.72	3171.96	255	255	251
DJI_0023.JPG	6	24682	4730.47	3455.95	108	107	133
DJI_0023.JPG	186	13729	3299.8	3041.59	241	247	255
DJI_0023.JPG	188	18131	4029.52	3503.14	255	255	242
DJI_0023.JPG	202	30700	522.073	1431.11	255	255	251
DJI_0023.JPG	196	13202	5135.56	3413.43	231	224	221
DJI_0023.JPG	221	20676	4251.02	2999.72	67	49	56
DJI_0023.JPG	185	5878	4862.4	3519.96	46	26	25
DJI_0023.JPG	99	8084	3482	3082.16	27	17	23
DJI_0023.JPG	98	25234	867.243	600.917	93	82	98
DJI_0023.JPG	168	3097	4591.32	3222.01	229	227	233
DJI_0023.JPG	169	32576	3596.86	3602.36	177	169	169
DJI_0023.JPG	229	18378	4664.95	3626.06	53	49	48
DJI_0023.JPG	228	7130	3676.79	3218.6	110	101	121
DJI_0023.JPG	91	22338	3488.09	3086.51	129	122	113
DJI_0023.JPG	90	2994	3576.7	3204.43	253	246	251
DJI_0023.JPG	93	5282	5440.7	3132.22	124	223	177
DJI_0023.JPG	92	1268	4953.23	3196.69	205	159	135
DJI_0023.JPG	95	8257	3715.08	3353.13	241	225	232
DJI_0023.JPG	94	11388	4824.35	3367.92	32	22	28
DJI_0023.JPG	97	16314	5193.03	3337.76	81	58	72
DJI_0023.JPG	96	32692	4164.13	3526.32	89	79	79
DJI_0023.JPG	11	3102	4620.96	3615.27	57	37	49
DJI_0023.JPG	10	5514	3636.56	3354.76	255	246	252
DJI_0023.JPG	13	23233	3476.53	3083.43	246	238	248
DJI_0023.JPG	15	17137	2743.05	3149.9	232	236	255
DJI_0023.JPG	17	2488	3442.78	3254.67	223	225	235
DJI_0023.JPG	16	11818	3853.34	3265.17	154	148	141
DJI_0023.JPG	19	20590	4251.52	3325.44	255	255	249
DJI_0023.JPG	117	17971	5222.3	3389.16	37	12	26
DJI_0023.JPG	116	33435	3688.89	3185.64	98	88	105
DJI_0023.JPG	151	30022	5376.52	3552.17	119	104	108
DJI_0023.JPG	150	33095	2648.1	3025.45	233	225	248
DJI_0023.JPG	152	21681	4151.9	3552.48	96	77	64
DJI_0023.JPG	155	19216	5378.8	3606.74	59	30	26
DJI_0023.JPG	154	12869	5129.85	3303.25	193	185	178
DJI_0023.JPG	157	23408	4205.09	3196.38	104	72	73
DJI_0023.JPG	156	22703	4186.72	3169.29	118	93	83
DJI_0023.JPG	159	8335	3717	3083	136	191	172
DJI_0023.JPG	158	11266	5093.48	3293.78	235	218	215
DJI_0023.JPG	238	22498	3486.06	3083.99	214	202	198
DJI_0023.JPG	234	12372	5407.37	3321.67	134	114	119
DJI_0023.JPG	235	23599	4211.27	2942.97	112	98	100
DJI_0023.JPG	236	8493	5424.49	3279.77	248	226	214
DJI_0023.JPG	237	6669	4356.23	2955.54	232	229	238
DJI_0023.JPG	230	33607	4051.11	3570.76	149	130	133
DJI_0023.JPG	231	23679	5348.11	1869.26	41	40	30
DJI_0023.JPG	232	6521	4931.23	3083.03	207	211	216
DJI_0023.JPG	233	18958	5380.08	3280.33	227	205	194
DJI_0023.JPG	49	15955	5186.17	3375.03	63	57	76
DJI_0023.JPG	46	4304	5445.75	3131.13	0	101	49
DJI_0023.JPG	47	24986	4477.52	3591.14	86	69	82
DJI_0023.JPG	44	13375	3909.73	3305.79	220	217	219
DJI_0023.JPG	45	35995	5301.3	3014.17	240	239	255
DJI_0023.JPG	42	11009	4826.12	3339.96	41	27	28
DJI_0023.JPG	43	37852	5206.04	3171.96	255	248	255
DJI_0023.JPG	40	2991	3576.63	3138.31	55	50	82
DJI_0023.JPG	41	7660	3375.23	3503.02	241	229	235
DJI_0023.JPG	1	23220	5340.58	3281.32	245	228	202
DJI_0023.JPG	5	36699	5221.14	3005.1	205	206	226
DJI_0023.JPG	9	32138	5415.03	3596.49	59	50	53
DJI_0023.JPG	146	2930	3480.58	3106.51	126	102	114
DJI_0023.JPG	147	32261	5114.08	3260.86	160	143	140
DJI_0023.JPG	144	16672	4658.32	3208.37	234	239	254
DJI_0023.JPG	145	1573	3450.13	3216.45	214	223	243
DJI_0023.JPG	142	8483	3469.41	3082.3	234	235	233
DJI_0023.JPG	204	5750	3641.91	3311.6	230	232	233
DJI_0023.JPG	140	27360	4425.84	3534.05	247	238	235
DJI_0023.JPG	141	8088	3482	3082.16	27	17	23
DJI_0023.JPG	209	1171	3453.68	3208.02	208	216	246
DJI_0023.JPG	148	9286	5054.98	3371.5	63	38	36
DJI_0023.JPG	149	9133	3357.55	3041.39	244	250	255
DJI_0023.JPG	77	12853	5129.56	3242.73	138	127	113
DJI_0023.JPG	76	1352	3451.97	3204.07	215	217	228
DJI_0023.JPG	75	12851	4306.53	3466.88	164	136	125
DJI_0023.JPG	74	466	4706.23	3520.74	251	248	233
DJI_0023.JPG	73	16299	4280.84	3497.34	62	29	66
DJI_0023.JPG	72	8656	3727.22	3101.7	9	16	11
DJI_0023.JPG	71	23967	4225.77	3390.54	238	232	249
DJI_0023.JPG	70	10754	1479.3	3469.87	255	245	247
DJI_0023.JPG	79	6765	3667.47	3244.03	52	33	18
DJI_0023.JPG	78	6927	5431.8	2939.58	255	255	244
DJI_0023.JPG	227	14749	4292.6	3383.41	132	119	143
DJI_0006.JPG	189	27381	3129.48	2436.58	98	103	124
DJI_0006.JPG	12	27576	4807.36	2867.72	57	53	64
DJI_0006.JPG	14	17797	2076.86	960.664	190	194	199
DJI_0006.JPG	48	14429	334.202	1235.58	162	178	161
DJI_0006.JPG	55	7124	3604.39	3050.04	119	145	132
DJI_0006.JPG	18	25355	4864.4	3035.51	62	66	84
DJI_0006.JPG	239	28548	2753.75	841.992	226	219	226
DJI_0006.JPG	179	314	2005.93	1509.13	110	111	115
DJI_0006.JPG	54	22937	3978.15	679.935	193	196	194
DJI_0006.JPG	167	24567	4883.64	3094.54	162	169	186
DJI_0006.JPG	170	28135	4224.74	1988.67	246	255	255
DJI_0015.JPG	153	4948	3868.44	3044.91	45	57	75
DJI_0015.JPG	12	28767	3312.22	1368.44	43	49	56
DJI_0015.JPG	143	7887	2674.68	1285.86	255	253	249
DJI_0015.JPG	210	2730	3884.07	1106.44	52	45	36
DJI_0015.JPG	208	903	3583.17	226.971	94	87	94
DJI_0015.JPG	231	28125	3299.41	2470.26	6	50	21
DJI_0015.JPG	120	8349	2445.05	1154.74	179	183	194
DJI_0015.JPG	108	12209	2983.82	681.825	130	181	153
DJI_0015.JPG	130	11933	2297.99	2391.73	60	59	85
DJI_0015.JPG	137	31871	2767.88	1069.72	236	235	244
DJI_0015.JPG	65	7419	2673.49	1292.51	253	245	246
DJI_0015.JPG	71	32758	1994.95	1810.8	255	250	244
DJI_0015.JPG	6	25484	1682.56	1120.07	141	135	130
DJI_0015.JPG	161	1512	977.321	1133.53	129	117	115
DJI_0018.JPG	98	1838	3659.5	2725.79	53	37	38
DJI_0018.JPG	181	30020	2296.93	2953.97	226	254	234
DJI_0018.JPG	36	38453	2795.64	454.333	239	233	238
DJI_0018.JPG	202	12827	3179.26	2539.6	223	221	227
DJI_0018.JPG	65	39774	2771.16	363.061	179	177	177
DJI_0009.JPG	215	9597	2370.71	1336.82	166	199	192
DJI_0009.JPG	14	2550	5308.12	1150.9	247	243	225
DJI_0009.JPG	48	25912	768.929	2793.69	208	218	225
DJI_0009.JPG	55	35851	2583.7	2322.27	196	206	213
DJI_0009.JPG	224	16176	4425.98	1160.15	174	187	203
DJI_0009.JPG	193	7338	3517.66	2551.58	183	197	195
DJI_0009.JPG	109	8977	4863.36	722.274	195	200	203
DJI_0009.JPG	63	8805	3634.3	1733.09	203	207	212
DJI_0009.JPG	239	298	2938.92	1181.69	177	176	185
DJI_0009.JPG	128	8300	4920.4	2508.13	19	14	11
DJI_0009.JPG	167	17266	4351.81	802.485	156	165	179
DJI_0007.JPG	48	18844	351.117	2249.95	153	167	161
DJI_0007.JPG	55	7980	2526.09	404.489	195	206	203
DJI_0007.JPG	54	2586	3985.82	1699.56	187	180	183
DJI_0007.JPG	193	10053	3455.54	631.547	181	189	188
DJI_0007.JPG	179	12603	2032.28	2526.6	113	110	106
DJI_0007.JPG	128	11372	4851.32	466.209	28	19	9
DJI_0007.JPG	189	17717	3181.54	3444.12	101	114	140
DJI_0007.JPG	170	9710	4264.15	2948.82	247	255	245
DJI_0004.JPG	189	6714	3152.9	435.592	71	89	96
DJI_0004.JPG	215	5773	3181.77	1041.09	119	131	109
DJI_0004.JPG	18	24929	4868.7	1130.63	60	57	83
DJI_0004.JPG	224	15095	3484.99	2327.52	255	250	255
DJI_0004.JPG	12	14399	4818.78	961.088	67	60	63
DJI_0004.JPG	167	28738	4885.58	1189.81	171	178	195
DJI_0004.JPG	170	13228	4270.45	58.388	243	247	236
DJI_0014.JPG	153	9847	3791.62	2026.79	48	51	82
DJI_0014.JPG	143	26113	2604.11	249.051	255	253	252
DJI_0014.JPG	210	9290	3814.81	93.5563	54	42	32
DJI_0014.JPG	54	13509	2101.49	2017.64	245	253	252
DJI_0014.JPG	193	24044	2558.03	2375.85	214	221	238
DJI_0014.JPG	118	15047	5188.93	3599.82	235	240	238
DJI_0014.JPG	130	16010	2226.79	1374.69	64	61	76
DJI_0014.JPG	63	18475	2369.89	2784.13	215	209	214
DJI_0014.JPG	137	30357	2699.84	54.5869	245	241	246
DJI_0014.JPG	65	26044	2603.15	255.553	244	231	233
DJI_0014.JPG	6	6950	1615.9	110.45	129	118	121
DJI_0014.JPG	231	23022	3226.62	1471.52	0	55	14
DJI_0014.JPG	81	11560	3708.02	2491.31	64	47	28
DJI_0014.JPG	87	34526	2005.29	2675.15	190	185	182
DJI_0011.JPG	215	5342	2480.55	3279.82	190	224	214
DJI_0011.JPG	14	814	5439.93	3122.33	255	247	243
DJI_0011.JPG	18	9409	1949.66	47.7975	89	90	100
DJI_0011.JPG	224	22821	4549.86	3129.73	189	188	198
DJI_0011.JPG	109	11240	4974.29	2652.1	210	212	213
DJI_0011.JPG	239	19516	3054.79	3202.11	199	195	200
DJI_0011.JPG	135	18955	3416.89	707.625	202	221	212
DJI_0011.JPG	167	18556	4461.87	2726.56	160	168	197
DJI_0011.JPG	118	11866	4950.85	407.039	238	243	242
DJI_0005.JPG	189	6019	3117.89	1392.34	68	73	94
DJI_0005.JPG	12	17927	4787.36	1866.02	69	62	69
DJI_0005.JPG	179	14856	2010.03	457.051	122	107	115
DJI_0005.JPG	48	15847	341.753	200.473	169	175	174
DJI_0005.JPG	18	26739	4840.55	2034.15	50	51	65
DJI_0005.JPG	224	5098	3490.02	3250.32	255	255	254
DJI_0005.JPG	135	3110	4183.31	1828.23	87	197	161
DJI_0005.JPG	167	24119	4859.49	2093.74	161	169	186
DJI_0005.JPG	170	17	4221.4	979.668	253	255	244
DJI_0016.JPG	153	29802	2156.61	2838.09	68	61	66
DJI_0016.JPG	143	6322	2749.89	2312.61	253	253	253
DJI_0016.JPG	210	1433	3958.35	2106.95	60	56	38
DJI_0016.JPG	208	32543	3650.42	1217.84	94	91	93
DJI_0016.JPG	56	1463	3362.65	1810.18	90	79	71
DJI_0016.JPG	219	1461	3362.65	1810.18	90	79	71
DJI_0016.JPG	98	14597	3495.18	734.281	40	37	52
DJI_0016.JPG	108	29440	3052.09	1648.12	129	183	153
DJI_0016.JPG	109	7417	2739.87	2471.82	207	195	217
DJI_0016.JPG	137	10855	2840.91	2074.1	251	250	255
DJI_0016.JPG	65	6451	2748.81	2319.01	242	233	229
DJI_0016.JPG	71	25903	2072.61	2848.75	251	244	247
DJI_0016.JPG	6	10122	1753.9	2122.52	155	152	154
DJI_0016.JPG	181	29113	2142.97	1025.16	185	226	205
DJI_0016.JPG	125	32985	2217.76	2436.11	127	121	122
DJI_0016.JPG	85	6551	1422.21	1598.99	230	220	210
DJI_0008.JPG	215	1368	2349.09	384.16	159	186	166
DJI_0008.JPG	14	2487	5284.45	164.788	229	233	214
DJI_0008.JPG	48	16609	737.662	1783.8	204	219	228
DJI_0008.JPG	55	23037	2553.8	1364.89	189	198	202
DJI_0008.JPG	54	14781	4016.72	2761.61	180	178	177
DJI_0008.JPG	193	11857	3484.26	1596.83	197	207	207
DJI_0008.JPG	179	31958	2056.58	3536.15	116	112	93
DJI_0008.JPG	63	12770	3606.79	745.544	205	200	201
DJI_0008.JPG	239	30858	2916.8	186.49	174	177	181
DJI_0008.JPG	135	38256	5311.3	1584.69	92	100	90
DJI_0008.JPG	128	6730	4882.2	1499.76	18	15	10
DJI_0008.JPG	224	10696	4402.3	180.874	172	169	178
DJI_0010.JPG	189	2999	1630.33	2112.28	90	82	99
DJI_0010.JPG	14	11858	5354.75	2133.7	255	249	249
DJI_0010.JPG	109	5599	4901.35	1685.28	215	210	211
DJI_0010.JPG	55	23799	2639.31	3296.78	220	229	239
DJI_0010.JPG	224	6841	4469.99	2141.74	198	193	214
DJI_0010.JPG	193	2419	3579.32	3516.48	220	232	220
DJI_0010.JPG	215	7824	2411.6	2303.88	193	224	215
DJI_0010.JPG	63	1573	3686.27	2729.02	227	227	239
DJI_0010.JPG	239	14660	2980.99	2187.49	202	201	210
DJI_0010.JPG	179	13618	3904.31	2061.2	87	77	89
DJI_0010.JPG	128	28271	4988.03	3521.03	39	26	34
DJI_0010.JPG	167	2305	4390.88	1762.33	173	179	202
DJI_0017.JPG	202	12050	3096.95	1568.92	247	235	231
DJI_0017.JPG	143	10624	2832.66	3352.29	255	251	252
DJI_0017.JPG	210	1628	4040.72	3120.22	61	44	31
DJI_0017.JPG	208	15337	3727.78	2218.78	110	104	109
DJI_0017.JPG	56	23429	3441.59	2793.69	92	76	83
DJI_0017.JPG	219	23428	3441.59	2793.69	92	76	83
DJI_0017.JPG	98	14143	3571.56	1742.55	62	62	56
DJI_0017.JPG	108	10960	3128.4	2623.36	138	191	152
DJI_0017.JPG	181	22921	2215.8	1995.68	213	241	221
DJI_0017.JPG	65	10698	2831.73	3358.15	251	240	236
DJI_0017.JPG	172	10269	3508.2	2092.12	39	30	27
DJI_0017.JPG	171	26619	2884.04	239.913	0	36	14
DJI_0013.JPG	153	26836	3718.82	1014.68	48	52	81
DJI_0013.JPG	18	12859	2068.55	1993.5	93	90	99
DJI_0013.JPG	87	14347	1934.11	1665.89	186	180	173
DJI_0013.JPG	63	9872	2299.4	1797.65	207	201	206
DJI_0013.JPG	135	13474	3564.53	2814.55	209	226	215
DJI_0013.JPG	54	13229	2031.37	1036.51	245	254	255
DJI_0013.JPG	128	14341	1934.92	1636.92	42	32	25
DJI_0013.JPG	181	18824	4491.15	3548.05	187	166	144
DJI_0013.JPG	118	23709	5103.97	2514.74	247	239	240
DJI_0020.JPG	216	29703	4451.25	1688.23	69	61	92
DJI_0020.JPG	217	7074	3451.28	1465.8	254	240	246
DJI_0020.JPG	214	7075	3451.28	1465.8	254	240	246
DJI_0020.JPG	212	28050	3938.99	1327.36	89	55	115
DJI_0020.JPG	213	21206	4818.67	1311.01	255	255	251
DJI_0020.JPG	211	33372	4892.98	1345.64	237	225	219
DJI_0020.JPG	165	17975	3206.21	1563.77	116	91	81
DJI_0020.JPG	218	30562	4446.07	1761.84	71	96	130
DJI_0020.JPG	133	65	5117.95	1266.37	249	237	235
DJI_0020.JPG	132	24110	4349.48	1542.27	145	125	130
DJI_0020.JPG	131	3710	3520.69	1477.52	255	255	254
DJI_0020.JPG	130	13647	3683.21	1792.89	82	72	85
DJI_0020.JPG	136	18288	3195.57	1537.74	255	252	255
DJI_0020.JPG	134	28690	3795.92	1509.15	255	251	255
DJI_0020.JPG	139	16543	3700.36	1523.33	82	67	81
DJI_0020.JPG	138	12938	5006.09	1428.75	52	34	33
DJI_0020.JPG	166	8980	3412.02	1465.06	255	251	252
DJI_0020.JPG	24	30107	5219.48	1057.83	13	20	15
DJI_0020.JPG	25	24948	4922.43	1395.22	135	120	124
DJI_0020.JPG	26	22446	3981.88	1328.77	121	83	105
DJI_0020.JPG	27	7042	4161.01	1564.86	233	232	252
DJI_0020.JPG	20	6935	3454.11	1340.43	252	244	237
DJI_0020.JPG	21	15594	3265.16	1259.26	103	98	100
DJI_0020.JPG	22	7125	4590.36	1583.85	255	255	252
DJI_0020.JPG	23	7020	4590.82	1516.52	54	38	31
DJI_0020.JPG	160	10410	4107.01	1540.28	67	48	65
DJI_0020.JPG	28	22004	4820.43	1455.78	23	7	38
DJI_0020.JPG	29	2942	82.6105	1655.83	197	243	224
DJI_0020.JPG	222	19159	1216.34	1218.62	243	247	242
DJI_0020.JPG	0	23781	4927.01	1406.25	120	103	107
DJI_0020.JPG	4	13521	3682.22	1310.46	236	228	228
DJI_0020.JPG	8	6785	3457.1	1467.84	255	246	252
DJI_0020.JPG	163	15824	3258.89	1327.96	218	218	232
DJI_0020.JPG	119	6904	4163.21	1560.99	84	65	114
DJI_0020.JPG	121	17900	3209.17	1539.24	82	56	39
DJI_0020.JPG	122	22076	3079.93	1557.61	255	254	254
DJI_0020.JPG	123	5810	4597	1494.21	251	243	213
DJI_0020.JPG	124	34628	4888.24	1364.4	74	57	84
DJI_0020.JPG	125	37467	4405.94	485.759	105	62	35
DJI_0020.JPG	126	32231	1033.02	1213.04	251	250	252
DJI_0020.JPG	127	33328	3831.43	1626.01	54	32	56
DJI_0020.JPG	129	13046	3679.55	1428.45	249	241	248
DJI_0020.JPG	220	17546	3707.67	1071.72	247	212	162
DJI_0020.JPG	59	34257	4864.47	1493.33	226	217	190
DJI_0020.JPG	58	6003	4596.11	1576.6	34	20	54
DJI_0020.JPG	57	32730	2754.31	989.445	118	114	119
DJI_0020.JPG	51	23362	4491.57	1080.06	254	255	244
DJI_0020.JPG	50	3957	3626.77	1420.93	159	158	160
DJI_0020.JPG	53	13954	4995.71	1142.45	46	36	36
DJI_0020.JPG	52	3296	4264.19	1193.16	255	254	255
DJI_0020.JPG	164	11190	5152.34	1692.26	222	215	200
DJI_0020.JPG	201	1928	3558.04	1590.24	253	246	251
DJI_0020.JPG	199	6070	5135.5	1450.84	136	115	117
DJI_0020.JPG	198	26762	1107.19	1748.89	243	254	244
DJI_0020.JPG	200	17087	4967.13	1454.61	248	238	228
DJI_0020.JPG	195	16965	4968.55	1384.44	255	246	252
DJI_0020.JPG	194	10681	4103.71	1533.6	255	253	255
DJI_0020.JPG	197	2648	5125.76	1444.44	255	255	249
DJI_0020.JPG	178	36446	880.446	1750.37	199	254	255
DJI_0020.JPG	191	1145	3576.11	1414.78	241	234	249
DJI_0020.JPG	190	10817	4101.84	1625.54	248	242	243
DJI_0020.JPG	192	17083	4967.13	1454.61	248	238	228
DJI_0020.JPG	115	4420	3505.81	1218.3	131	176	157
DJI_0020.JPG	114	369	5113.02	1690.62	251	246	245
DJI_0020.JPG	88	4465	5084.75	1390.13	255	242	231
DJI_0020.JPG	89	10717	5150.55	1387.63	67	44	58
DJI_0020.JPG	111	9437	5042.23	1194.03	252	255	251
DJI_0020.JPG	110	9071	4579.31	1628.68	41	33	34
DJI_0020.JPG	113	5135	5080.97	1171.67	130	112	129
DJI_0020.JPG	112	7402	3444.06	1434.13	255	248	245
DJI_0020.JPG	82	2042	3555.8	1594.78	255	252	255
DJI_0020.JPG	83	32759	3907.55	1618.37	251	244	241
DJI_0020.JPG	80	15102	5165.2	1376.29	43	19	19
DJI_0020.JPG	81	9812	4117.9	1332.79	58	42	35
DJI_0020.JPG	86	15148	3274.31	1232.33	245	238	243
DJI_0020.JPG	84	16008	4976.8	1465.6	57	33	33
DJI_0020.JPG	85	39640	3955.76	1423.98	180	175	184
DJI_0020.JPG	207	29923	4904.38	1422.45	100	80	79
DJI_0020.JPG	206	5576	3636.9	1451.55	171	162	165
DJI_0020.JPG	226	23363	4491.57	1080.06	254	255	244
DJI_0020.JPG	3	4126	4200.18	1195.92	246	243	245
DJI_0020.JPG	177	33848	4389.46	1736.69	204	195	185
DJI_0020.JPG	7	10371	5032.45	1166.07	144	123	121
DJI_0020.JPG	225	37385	4411.9	1771	26	16	9
DJI_0020.JPG	240	17794	4021.62	1449.04	255	255	252
DJI_0020.JPG	102	20100	4720.06	1317.24	208	169	141
DJI_0020.JPG	103	12397	5011.34	1693.7	62	46	33
DJI_0020.JPG	100	25613	4919.32	1377.62	76	49	69
DJI_0020.JPG	101	32839	4894.29	1413.78	255	244	240
DJI_0020.JPG	106	694	4240.79	1287.62	151	146	147
DJI_0020.JPG	107	6901	4163.21	1560.99	84	65	114
DJI_0020.JPG	104	16233	3248.91	1346.14	227	219	230
DJI_0020.JPG	105	5115	3633.95	1463.02	164	158	159
DJI_0020.JPG	39	13461	5001.14	1317.06	77	64	62
DJI_0020.JPG	38	14999	4802.03	1392.52	31	12	4
DJI_0020.JPG	33	11958	4562.04	1024.89	213	214	194
DJI_0020.JPG	32	29044	4369.61	1682.93	240	238	250
DJI_0020.JPG	31	26282	2947.69	1693.88	95	89	94
DJI_0020.JPG	30	29155	2855.36	1228.52	144	136	146
DJI_0020.JPG	37	7133	3449.77	1363.48	255	248	255
DJI_0020.JPG	36	4889	3496.18	687.902	249	252	250
DJI_0020.JPG	35	13581	5000.12	1178.93	56	36	35
DJI_0020.JPG	34	24949	4922.43	1395.22	135	120	124
DJI_0020.JPG	205	16694	4971.1	1463.08	255	253	225
DJI_0020.JPG	223	7850	4147.93	1051.65	250	240	253
DJI_0020.JPG	176	1661	5103.57	1175.82	125	105	124
DJI_0020.JPG	60	9982	4114.29	1347.14	47	27	26
DJI_0020.JPG	61	15782	4044.48	1566.24	63	39	47
DJI_0020.JPG	62	15006	3276.82	1253.21	113	101	113
DJI_0020.JPG	64	7466	4588.56	1056.86	243	232	252
DJI_0020.JPG	66	6665	4592.75	1549.71	232	221	224
DJI_0020.JPG	67	210	5115.26	1374.63	247	234	226
DJI_0020.JPG	68	27726	4462.85	1722.43	255	246	238
DJI_0020.JPG	69	26857	3779.06	1565.67	113	98	119
DJI_0020.JPG	175	20299	3133.55	1373.91	56	49	40
DJI_0020.JPG	174	16985	428.1	1261.15	255	255	241
DJI_0020.JPG	173	19167	3166.89	1598.11	110	91	86
DJI_0020.JPG	172	1660	5103.57	1175.82	125	105	124
DJI_0020.JPG	171	29295	5216.16	1763.16	100	73	89
DJI_0020.JPG	203	23165	4930.36	1382.73	123	111	111
DJI_0020.JPG	182	28366	4458.9	1657.54	205	213	243
DJI_0020.JPG	183	706	3586.43	1116.39	255	249	252
DJI_0020.JPG	180	13294	5002.96	1201.59	71	44	53
DJI_0020.JPG	2	9438	5042.23	1194.03	252	255	251
DJI_0020.JPG	162	37643	4874.47	1491.12	209	209	193
DJI_0020.JPG	187	18970	469.448	1433.13	254	250	255
DJI_0020.JPG	184	26698	3947.35	1289.45	255	255	254
DJI_0020.JPG	185	1231	4620.53	1641.87	33	13	0
DJI_0020.JPG	186	21508	3097.96	1197.78	239	244	255
DJI_0020.JPG	188	28565	3795.03	1554.35	255	255	246
DJI_0020.JPG	196	34293	4889.63	1499.3	239	230	233
DJI_0020.JPG	221	16756	4032.9	1123.76	79	55	65
DJI_0020.JPG	99	15053	3275.91	1237.46	46	33	47
DJI_0020.JPG	168	27444	4363.68	1352.39	230	230	236
DJI_0020.JPG	169	10888	3368.43	1679.14	206	186	185
DJI_0020.JPG	229	34300	4425.88	1761.21	34	32	32
DJI_0020.JPG	228	6631	3460.81	1334.25	96	86	92
DJI_0020.JPG	91	14769	3282.14	1241.39	105	97	108
DJI_0020.JPG	90	11123	3363.53	1326.53	252	249	251
DJI_0020.JPG	93	27462	5210.06	1335.19	130	223	186
DJI_0020.JPG	92	20102	4720.06	1317.24	208	169	141
DJI_0020.JPG	95	4913	3495.64	1472.91	249	230	247
DJI_0020.JPG	94	7009	4590.94	1506.71	44	30	36
DJI_0020.JPG	97	19360	4949.38	1425.31	93	74	89
DJI_0020.JPG	96	30427	3922.72	1547.21	66	48	49
DJI_0020.JPG	11	32575	4383.47	1750.35	58	39	42
DJI_0020.JPG	10	8681	3418.64	1466.23	255	247	249
DJI_0020.JPG	13	15343	3270.27	1238.48	242	242	255
DJI_0020.JPG	15	35409	2547.96	1307.76	242	238	250
DJI_0020.JPG	17	16913	3232.74	1406.19	226	226	240
DJI_0020.JPG	16	5044	3633.54	1382.75	138	133	134
DJI_0020.JPG	19	17831	4021.29	1415.36	255	255	251
DJI_0020.JPG	117	16174	4975.25	1476.06	32	10	28
DJI_0020.JPG	116	5969	3473.78	1300.42	85	76	79
DJI_0020.JPG	204	8413	3423.6	1424.14	236	235	239
DJI_0020.JPG	151	2707	5125.85	1678.41	110	102	102
DJI_0020.JPG	150	31906	2450.33	1096.88	207	211	240
DJI_0020.JPG	152	32393	3910.05	1585.92	93	71	66
DJI_0020.JPG	155	2848	5126.13	1733.07	62	40	52
DJI_0020.JPG	154	34953	4887.19	1388.83	215	205	195
DJI_0020.JPG	157	22358	3982.49	1313.73	110	80	75
DJI_0020.JPG	156	24014	3967.74	1285.96	109	86	71
DJI_0020.JPG	159	4503	3504.17	1201.39	145	190	157
DJI_0020.JPG	158	30118	4851.87	1387.62	231	213	214
DJI_0020.JPG	238	14867	3280	1239.22	222	208	219
DJI_0020.JPG	234	13894	5160.96	1422.16	127	100	110
DJI_0020.JPG	235	20491	3997.58	1066.65	132	114	121
DJI_0020.JPG	236	19018	5178.66	1376.3	255	230	225
DJI_0020.JPG	237	8602	4138.52	1082.71	240	236	247
DJI_0020.JPG	230	31225	3815.78	1630.64	137	123	125
DJI_0020.JPG	231	12406	5156.65	98.2319	45	38	29
DJI_0020.JPG	232	9427	4705.52	1244.91	219	214	213
DJI_0020.JPG	233	5406	5133.66	1374.99	255	231	225
DJI_0020.JPG	49	21071	4940.2	1463.49	59	40	61
DJI_0020.JPG	46	29091	5215.54	1333.99	2	86	32
DJI_0020.JPG	47	1587	4229.67	1614.67	82	66	84
DJI_0020.JPG	44	13965	3684.62	1387.5	218	209	219
DJI_0020.JPG	45	6386	5072.03	1181.99	239	233	255
DJI_0020.JPG	42	6648	4592.94	1478.05	41	28	26
DJI_0020.JPG	43	16684	4971.15	1306.66	255	249	255
DJI_0020.JPG	40	11019	3365.71	1261.7	44	46	87
DJI_0020.JPG	41	19538	3154.92	1605.09	249	238	234
DJI_0020.JPG	1	2878	5094.7	1374.87	249	228	213
DJI_0020.JPG	5	14295	4992.62	1171.52	204	205	233
DJI_0020.JPG	9	14111	5161.85	1707.69	59	42	39
DJI_0020.JPG	146	15147	3274.34	1261.85	92	75	84
DJI_0020.JPG	147	36897	4872.64	1353.65	147	135	135
DJI_0020.JPG	144	32924	4432.66	1362.69	248	253	255
DJI_0020.JPG	145	16582	3241.08	1369.85	227	228	238
DJI_0020.JPG	142	15639	3264.1	1237.63	239	239	251
DJI_0020.JPG	143	34331	2516.91	1985.55	250	250	255
DJI_0020.JPG	140	5565	4182.13	1560.06	251	232	241
DJI_0020.JPG	141	15052	3275.91	1237.46	46	33	47
DJI_0020.JPG	209	16405	3244.94	1361.9	235	236	246
DJI_0020.JPG	208	5519	4182.75	1298.7	62	40	29
DJI_0020.JPG	148	19041	4814.22	1486.04	38	17	15
DJI_0020.JPG	149	19532	3155.06	1198.38	246	246	255
DJI_0020.JPG	77	34504	4888.61	1336.06	129	118	110
DJI_0020.JPG	76	16468	3243.46	1357.71	215	219	230
DJI_0020.JPG	75	13274	4069.96	1537.01	180	153	126
DJI_0020.JPG	74	26826	4468.83	1651.76	249	238	240
DJI_0020.JPG	73	15784	4044.48	1566.24	63	39	47
DJI_0020.JPG	72	4026	3513.81	1219.31	22	16	5
DJI_0020.JPG	71	20437	3998.29	1510.67	254	248	253
DJI_0020.JPG	70	13841	1288.43	1542.98	242	238	243
DJI_0020.JPG	79	7095	3450.87	1358.4	45	30	21
DJI_0020.JPG	78	27079	5208.3	1151.45	255	253	245
DJI_0020.JPG	227	14022	4060.95	1477.43	144	113	140
DJI_0012.JPG	153	39792	3653.11	13.2591	50	53	74
DJI_0012.JPG	12	8767	3675.57	2115.79	111	100	103
DJI_0012.JPG	118	21035	5025.85	1444.22	255	247	244
DJI_0012.JPG	109	19153	5057.43	3616.78	213	212	222
DJI_0012.JPG	135	36448	3487.24	1745.89	208	223	215
DJI_0012.JPG	181	15737	4406.98	2441.52	186	164	152
DJI_0012.JPG	87	12429	1870.22	660.885	165	158	149
DJI_0012.JPG	170	11037	3892.81	3031.55	142	153	133
DJI_0019.JPG	216	12455	4355.65	690.38	91	91	115
DJI_0019.JPG	217	19923	3359.79	475.406	249	238	246
DJI_0019.JPG	214	19922	3359.79	475.406	249	238	246
DJI_0019.JPG	212	2506	3844.93	327.266	113	71	126
DJI_0019.JPG	213	2069	4717.5	286.315	255	250	243
DJI_0019.JPG	211	32087	4794.09	318.326	238	224	226
DJI_0019.JPG	165	2853	3114.44	564.426	85	58	54
DJI_0019.JPG	218	11695	4350.15	764.921	80	113	139
DJI_0019.JPG	133	10282	5020.71	257.049	252	243	240
DJI_0019.JPG	132	28242	4253.94	542.7	171	158	144
DJI_0019.JPG	131	25463	3428.55	485.726	255	255	251
DJI_0019.JPG	130	14159	3592.44	817.045	99	86	100
DJI_0019.JPG	136	2219	3104.01	541.275	255	255	249
DJI_0019.JPG	134	7990	3699.12	477.742	255	254	254
DJI_0019.JPG	139	13240	3604.5	492.766	76	67	80
DJI_0019.JPG	138	13357	4907.36	416.519	73	51	46
DJI_0019.JPG	166	16584	3320.15	471.369	255	252	253
DJI_0019.JPG	24	28691	5127.13	85.9812	21	35	24
DJI_0019.JPG	25	11811	4822.42	365.612	148	135	137
DJI_0019.JPG	26	11307	3887.93	328.329	88	52	76
DJI_0019.JPG	27	14346	4060.92	516.484	247	244	255
DJI_0019.JPG	20	20108	3362.43	348.246	255	255	234
DJI_0019.JPG	21	6563	3176.21	289.602	121	109	131
DJI_0019.JPG	22	20727	4494.43	585.654	255	254	251
DJI_0019.JPG	23	20690	4494.81	518.028	58	42	30
DJI_0019.JPG	160	20370	4007.6	498.371	80	64	58
DJI_0019.JPG	28	23320	4722.59	443.213	59	20	41
DJI_0019.JPG	29	261	9.74503	715.271	197	243	221
DJI_0019.JPG	161	27608	2660.8	18.4915	118	105	113
DJI_0019.JPG	0	9290	4826.54	375.759	134	117	128
DJI_0019.JPG	4	14798	3585.36	277.301	249	242	245
DJI_0019.JPG	8	20298	3365.07	477.27	255	255	248
DJI_0019.JPG	163	6244	3169.99	357.777	228	225	240
DJI_0019.JPG	119	14066	4063.14	512.127	108	92	146
DJI_0019.JPG	120	14441	3589.43	384.766	255	248	251
DJI_0019.JPG	121	3092	3118.15	540.83	94	62	49
DJI_0019.JPG	122	2561	2989.59	565.79	255	246	255
DJI_0019.JPG	123	20007	4500.91	495.78	255	255	237
DJI_0019.JPG	124	34530	4789.09	333.709	130	116	122
DJI_0019.JPG	126	33978	954.916	261.288	255	253	255
DJI_0019.JPG	127	5704	3734.85	599.997	68	32	46
DJI_0019.JPG	129	14819	3585.18	414.929	253	245	245
DJI_0019.JPG	220	12874	3610.52	54.8218	247	221	175
DJI_0019.JPG	59	884	4765.78	464.758	226	212	200
DJI_0019.JPG	58	20210	4499.04	578.604	83	59	93
DJI_0019.JPG	57	35834	2667.28	25.8671	140	125	139
DJI_0019.JPG	51	18290	4398.9	107.83	237	254	240
DJI_0019.JPG	50	18090	3534.44	426.465	179	173	174
DJI_0019.JPG	53	11844	4901.84	148.396	52	38	32
DJI_0019.JPG	52	1080	4168.27	195.154	255	250	255
DJI_0019.JPG	164	4499	5053.71	675.7	227	216	212
DJI_0019.JPG	201	23777	3465.03	583.985	255	251	254
DJI_0019.JPG	199	7467	5036.72	424.857	148	121	137
DJI_0019.JPG	198	10210	1030.56	807.022	252	255	239
DJI_0019.JPG	200	5519	4867.05	425.493	254	242	240
DJI_0019.JPG	195	5542	4867.22	353.767	234	222	228
DJI_0019.JPG	194	20646	4004.96	490.693	255	248	245
DJI_0019.JPG	197	9342	5026.67	417.918	255	253	254
DJI_0019.JPG	178	16636	804.558	808.961	209	255	255
DJI_0019.JPG	191	29557	3485.71	441.345	236	230	247
DJI_0019.JPG	190	20761	4003.82	579.849	253	245	246
DJI_0019.JPG	192	5524	4867.05	425.493	254	242	240
DJI_0019.JPG	115	24235	3413.83	224.208	150	178	159
DJI_0019.JPG	114	10886	5016.68	678.57	252	248	247
DJI_0019.JPG	88	17331	4985.32	361.474	255	255	242
DJI_0019.JPG	89	4871	5051.52	359.908	71	50	65
DJI_0019.JPG	111	23996	4948.1	199.822	255	254	255
DJI_0019.JPG	110	21962	4483.16	627.195	46	30	41
DJI_0019.JPG	113	17157	4986.29	179.148	138	125	133
DJI_0019.JPG	112	19314	3352.73	445.58	255	255	247
DJI_0019.JPG	82	23993	3462.98	588.132	255	254	255
DJI_0019.JPG	83	1375	3808.13	576.947	253	248	247
DJI_0019.JPG	80	2593	5065.25	346.068	63	24	15
DJI_0019.JPG	86	7067	3185.26	262.482	243	239	234
DJI_0019.JPG	84	7302	4877.04	435.138	69	49	48
DJI_0019.JPG	85	35719	3861.26	425.977	208	200	207
DJI_0019.JPG	207	25055	4805.04	391.846	134	115	134
DJI_0019.JPG	206	17403	3544.18	455.103	170	166	165
DJI_0019.JPG	226	18280	4398.9	107.83	237	254	240
DJI_0019.JPG	3	9208	4102.18	193.076	249	246	248
DJI_0019.JPG	177	2054	4294.37	740.77	232	227	224
DJI_0019.JPG	7	21711	4938.09	171.8	151	124	127
DJI_0019.JPG	225	5950	4316.1	775.181	47	28	20
DJI_0019.JPG	240	19415	3926.46	436.962	255	250	244
DJI_0019.JPG	102	5790	4622.67	307.731	224	177	149
DJI_0019.JPG	103	14981	4913.11	681.587	64	47	34
DJI_0019.JPG	100	14446	4819.35	347.056	94	70	78
DJI_0019.JPG	101	18740	4795.2	383.915	255	251	249
DJI_0019.JPG	106	3896	4146.38	287.219	167	151	145
DJI_0019.JPG	107	14034	4063.14	512.127	108	92	146
DJI_0019.JPG	104	5745	3160.29	375.729	233	225	226
DJI_0019.JPG	105	17620	3541.08	466.717	185	174	170
DJI_0019.JPG	39	27559	4902.92	298.677	88	78	78
DJI_0019.JPG	38	20559	4703.45	367.648	84	62	51
DJI_0019.JPG	33	23736	4469.76	49.8566	214	216	217
DJI_0019.JPG	32	7032	4273.95	685.733	253	249	255
DJI_0019.JPG	31	27050	2857.07	691.841	116	111	120
DJI_0019.JPG	30	8951	2764.83	231.328	150	145	166
DJI_0019.JPG	37	39368	3357.95	370.217	255	248	254
DJI_0019.JPG	36	36026	2882.43	1415.08	246	247	255
DJI_0019.JPG	35	12625	4905.23	183.647	96	64	69
DJI_0019.JPG	34	11862	4822.42	365.612	148	135	137
DJI_0019.JPG	205	6270	4871.6	432.92	255	252	233
DJI_0019.JPG	223	33883	4052.99	53.4895	248	241	246
DJI_0019.JPG	176	12374	5008.56	184.133	138	128	140
DJI_0019.JPG	60	19456	4017.34	328.403	51	30	32
DJI_0019.JPG	61	23986	3947.26	542.177	78	51	54
DJI_0019.JPG	62	7209	3187.76	282.911	118	110	120
DJI_0019.JPG	64	20504	4496.44	82.8226	248	247	249
DJI_0019.JPG	66	20478	4496.58	551.163	236	226	226
DJI_0019.JPG	67	36695	5015.99	344.697	251	238	236
DJI_0019.JPG	68	13978	4366.31	723.994	255	255	249
DJI_0019.JPG	69	9048	3681.66	535.553	116	100	124
DJI_0019.JPG	175	805	3044.25	398.619	63	52	54
DJI_0019.JPG	174	11234	353.068	324.853	245	254	244
DJI_0019.JPG	173	335	3076.04	602.3	139	110	113
DJI_0019.JPG	172	12366	5008.56	184.133	138	128	140
DJI_0019.JPG	171	19827	5117.29	750.494	106	85	93
DJI_0019.JPG	203	27172	4830.53	350.926	104	81	86
DJI_0019.JPG	222	15893	1137.66	274.446	243	250	253
DJI_0019.JPG	182	13720	4364.02	659.198	218	218	254
DJI_0019.JPG	183	28364	3493.33	119.351	255	246	246
DJI_0019.JPG	180	13571	4908.09	206.534	96	67	63
DJI_0019.JPG	2	23995	4948.1	199.822	255	254	255
DJI_0019.JPG	162	6566	4776.13	461.771	221	197	207
DJI_0019.JPG	187	13233	394.643	492.922	255	251	253
DJI_0019.JPG	184	33588	3853.2	289.58	253	255	254
DJI_0019.JPG	185	17239	4523.97	636.113	35	19	0
DJI_0019.JPG	186	30877	3009.8	230.341	246	248	255
DJI_0019.JPG	188	8074	3697.89	524.879	255	254	254
DJI_0019.JPG	202	12895	3278.12	3525.88	233	203	228
DJI_0019.JPG	196	16293	4791.6	470.254	240	229	237
DJI_0019.JPG	221	22025	3938.87	125.445	88	66	71
DJI_0019.JPG	99	7166	3186.59	267.531	44	40	52
DJI_0019.JPG	168	11131	4267.68	353.571	240	234	239
DJI_0019.JPG	169	12656	3275.4	669.267	201	191	197
DJI_0019.JPG	229	8597	4330.61	764.741	116	106	88
DJI_0019.JPG	228	20598	3369.36	341.673	108	97	100
DJI_0019.JPG	91	39938	3193.16	270.8	128	122	133
DJI_0019.JPG	90	35752	3272.4	338.169	255	255	255
DJI_0019.JPG	93	18755	5115.84	360.086	138	236	190
DJI_0019.JPG	92	5788	4622.67	307.731	224	177	149
DJI_0019.JPG	95	23330	3403.72	482.671	220	207	215
DJI_0019.JPG	94	20693	4494.73	507.618	50	32	33
DJI_0019.JPG	97	29897	4849.68	395.805	122	97	93
DJI_0019.JPG	96	621	3822.66	499.934	80	57	42
DJI_0019.JPG	11	29672	4288.61	754.286	115	97	96
DJI_0019.JPG	10	17255	3326.97	472.193	255	251	247
DJI_0019.JPG	13	6834	3181.15	268.884	251	248	255
DJI_0019.JPG	15	20552	2462.45	351.155	249	246	255
DJI_0019.JPG	17	4792	3144.04	434.985	231	232	246
DJI_0019.JPG	16	17600	3541.63	388.056	162	152	158
DJI_0019.JPG	19	19222	3925.82	401.36	255	255	249
DJI_0019.JPG	117	7069	4875.53	445.949	47	25	37
DJI_0019.JPG	116	21680	3382.05	306.776	105	92	90
DJI_0019.JPG	151	8979	5028.97	666.031	107	96	104
DJI_0019.JPG	150	24113	2360.56	96.2032	239	236	255
DJI_0019.JPG	152	1201	3811.49	545.06	110	84	70
DJI_0019.JPG	155	8928	5029.3	721.374	69	45	53
DJI_0019.JPG	154	13477	4788.26	359.78	227	221	216
DJI_0019.JPG	157	11645	3888.68	313.406	124	95	91
DJI_0019.JPG	156	8623	3874.04	285.336	108	82	76
DJI_0019.JPG	159	24067	3411.77	208.952	174	207	170
DJI_0019.JPG	158	22513	4754	362.197	243	230	228
DJI_0019.JPG	238	7398	3191.13	269.047	221	216	237
DJI_0019.JPG	234	3154	5061.54	395.713	106	86	91
DJI_0019.JPG	235	14539	3902.08	70.0439	141	118	132
DJI_0019.JPG	236	800	5078.91	347.475	255	242	232
DJI_0019.JPG	237	16323	4043.83	84.3234	243	236	243
DJI_0019.JPG	230	6681	3719.08	603.654	168	144	154
DJI_0019.JPG	232	7430	4609.77	255.669	229	226	221
DJI_0019.JPG	233	8075	5033.91	345.543	243	243	227
DJI_0019.JPG	49	2487	4841.14	434.066	56	41	62
DJI_0019.JPG	46	28956	5121.42	358.55	12	106	72
DJI_0019.JPG	47	5856	4129.49	564.689	90	75	89
DJI_0019.JPG	44	14366	3590.1	374.211	237	234	243
DJI_0019.JPG	45	31087	4977.5	189.209	237	240	244
DJI_0019.JPG	42	20458	4496.78	480.219	36	19	16
DJI_0019.JPG	43	39432	4873.75	299.818	255	254	251
DJI_0019.JPG	40	12608	3274.64	273.778	72	46	116
DJI_0019.JPG	41	163	3064.62	610.613	255	249	240
DJI_0019.JPG	1	15079	4995.24	345.558	250	234	217
DJI_0019.JPG	5	10966	4898.26	178.903	221	218	233
DJI_0019.JPG	9	2919	5063.38	687.996	63	46	43
DJI_0019.JPG	146	7080	3185.3	292.029	107	94	102
DJI_0019.JPG	147	5308	4773.9	327.164	149	134	138
DJI_0019.JPG	144	37541	4337.91	375.7	250	250	255
DJI_0019.JPG	145	5358	3152.64	399.253	234	234	240
DJI_0019.JPG	142	6486	3174.72	267.977	253	252	255
DJI_0019.JPG	204	17731	3331.78	430.736	235	238	242
DJI_0019.JPG	140	36240	4082	511.195	253	244	255
DJI_0019.JPG	141	7167	3186.59	267.531	44	40	52
DJI_0019.JPG	209	26945	3156.21	390.935	241	240	249
DJI_0019.JPG	148	3082	4716.89	474.29	45	23	17
DJI_0019.JPG	149	115	3066.56	230.472	223	222	242
DJI_0019.JPG	77	34023	4790.05	309.785	139	121	122
DJI_0019.JPG	76	5492	3154.85	387.494	220	222	233
DJI_0019.JPG	75	24551	3972.33	512.655	191	164	143
DJI_0019.JPG	74	15044	4374.08	652.535	255	255	242
DJI_0019.JPG	73	23977	3947.26	542.177	78	51	54
DJI_0019.JPG	72	24964	3421.88	226.008	27	26	6
DJI_0019.JPG	70	1127	1207.23	564.142	255	250	247
DJI_0019.JPG	79	19894	3359.37	365.036	65	43	45
DJI_0019.JPG	78	18146	5114.72	179.691	255	255	246
DJI_0019.JPG	227	25243	3965.76	464.501	138	119	134
DJI_0021.JPG	216	14436	4540.64	2717.81	86	75	91
DJI_0021.JPG	217	4624	3536.68	2484.16	255	244	236
DJI_0021.JPG	214	4619	3536.68	2484.16	255	244	236
DJI_0021.JPG	212	684	4028.38	2357.02	90	59	120
DJI_0021.JPG	213	490	4916.23	2369.94	255	255	249
DJI_0021.JPG	210	17348	3528.1	1715.4	61	48	46
DJI_0021.JPG	211	25380	4989.29	2406.76	234	222	220
DJI_0021.JPG	165	8526	3291.76	2588.97	85	56	42
DJI_0021.JPG	218	14175	4535.35	2791.34	78	97	112
DJI_0021.JPG	219	31635	1903.11	246.887	89	62	71
DJI_0021.JPG	133	1688	5212.73	2311.67	247	233	234
DJI_0021.JPG	132	9401	4439.41	2573.2	136	120	121
DJI_0021.JPG	131	11049	3606.7	2497.56	255	254	254
DJI_0021.JPG	130	21590	3767.07	2797.57	87	79	89
DJI_0021.JPG	137	16787	1908.76	75.5841	243	250	255
DJI_0021.JPG	136	2001	3280.4	2561.48	255	249	255
DJI_0021.JPG	134	10277	3886.36	2571.16	255	247	255
DJI_0021.JPG	139	12838	3790.98	2584.24	88	72	83
DJI_0021.JPG	138	12335	5101.27	2475.65	69	53	46
DJI_0021.JPG	166	5001	3497.36	2486.11	253	247	248
DJI_0021.JPG	24	26350	5311.99	2061.48	6	24	11
DJI_0021.JPG	25	9760	5017.62	2459.18	137	119	120
DJI_0021.JPG	26	6589	4072.53	2359.69	105	77	83
DJI_0021.JPG	27	3348	4254.4	2646.09	228	230	248
DJI_0021.JPG	20	5099	3540.74	2360.22	255	252	255
DJI_0021.JPG	21	6561	3349.27	2254.37	102	98	104
DJI_0021.JPG	22	2312	4681.51	2615.46	255	249	249
DJI_0021.JPG	23	3787	4679.99	2548.84	47	28	20
DJI_0021.JPG	160	4093	4200.69	2615.26	72	58	76
DJI_0021.JPG	28	21349	4916.27	2501.01	41	11	16
DJI_0021.JPG	29	22820	144.256	2610.69	195	237	230
DJI_0021.JPG	161	23663	2831.1	1969.89	114	97	108
DJI_0021.JPG	0	9973	5022.73	2470.81	98	76	88
DJI_0021.JPG	4	1426	3773.9	2371.13	236	231	233
DJI_0021.JPG	8	5253	3542.21	2486.03	255	247	253
DJI_0021.JPG	163	22250	3342.7	2323.47	214	214	230
DJI_0021.JPG	119	3317	4256.44	2642.13	77	73	115
DJI_0021.JPG	120	13282	3773.71	2442.17	255	251	247
DJI_0021.JPG	121	2024	3294.9	2564.22	69	48	33
DJI_0021.JPG	122	24124	3164	2575.08	255	254	247
DJI_0021.JPG	123	2996	4687.52	2524.96	251	239	205
DJI_0021.JPG	124	832	4984.35	2428.81	51	34	77
DJI_0021.JPG	125	1379	4505.86	1568	87	50	28
DJI_0021.JPG	126	25282	1104.97	2182.7	249	254	253
DJI_0021.JPG	127	9483	3921.27	2683.38	53	34	67
DJI_0021.JPG	129	13427	3768.82	2470.74	241	238	230
DJI_0021.JPG	220	1332	3800.47	2117.69	255	235	189
DJI_0021.JPG	59	749	4960.05	2555.98	216	207	194
DJI_0021.JPG	58	2956	4687.79	2607.65	30	14	21
DJI_0021.JPG	57	23454	2835.79	1975.9	123	118	120
DJI_0021.JPG	56	31638	1903.11	246.887	89	62	71
DJI_0021.JPG	51	14365	4582.06	2082.35	242	255	247
DJI_0021.JPG	50	14504	3714.17	2444.07	178	173	174
DJI_0021.JPG	53	12018	5089	2167.74	40	36	35
DJI_0021.JPG	52	4337	4355.75	2222.08	250	253	244
DJI_0021.JPG	164	18835	5247.1	2743.78	212	207	204
DJI_0021.JPG	201	18905	3645.41	2625.73	255	248	248
DJI_0021.JPG	199	15480	5230.94	2511.33	145	119	125
DJI_0021.JPG	198	16138	1175.92	2709.44	238	254	243
DJI_0021.JPG	200	11308	5062.85	2518.3	248	234	228
DJI_0021.JPG	195	11344	5063.59	2450.6	255	244	244
DJI_0021.JPG	194	4110	4198.12	2609.87	253	251	255
DJI_0021.JPG	197	15463	5221.91	2505.65	255	252	255
DJI_0021.JPG	178	17856	947.83	2709.07	209	255	255
DJI_0021.JPG	191	15626	3660.81	2415.36	228	224	235
DJI_0021.JPG	190	203	4193.37	2702.49	252	244	245
DJI_0021.JPG	192	11310	5062.85	2518.3	248	234	228
DJI_0021.JPG	115	9838	3593.13	2239.52	144	180	158
DJI_0021.JPG	114	15127	5206.78	2737.62	247	241	242
DJI_0021.JPG	88	1611	5181.01	2452.9	255	254	228
DJI_0021.JPG	89	14527	5246.15	2449.9	76	53	68
DJI_0021.JPG	111	13160	5135.93	2220	251	255	252
DJI_0021.JPG	110	2216	4670.21	2662.27	51	39	39
DJI_0021.JPG	113	19280	5174.29	2196.14	138	131	136
DJI_0021.JPG	112	17494	3528.84	2450.55	255	254	255
DJI_0021.JPG	82	14258	3643.3	2630.16	255	254	255
DJI_0021.JPG	83	756	4000.81	2691.56	248	241	238
DJI_0021.JPG	80	1791	5261.04	2441.28	50	22	22
DJI_0021.JPG	81	4001	4209.45	2382.04	52	31	29
DJI_0021.JPG	86	2145	3358.03	2227.6	225	225	239
DJI_0021.JPG	118	12531	4698.15	2299.85	219	221	222
DJI_0021.JPG	84	26978	5072.52	2530.85	59	35	47
DJI_0021.JPG	85	22779	4044.78	2452.67	186	176	192
DJI_0021.JPG	207	896	5000.03	2487.14	73	62	78
DJI_0021.JPG	206	14312	3724.32	2476.82	165	161	156
DJI_0021.JPG	226	14368	4582.06	2082.35	242	255	247
DJI_0021.JPG	3	53	4291.92	2232.48	244	241	243
DJI_0021.JPG	177	27026	4477.79	2764.99	225	216	207
DJI_0021.JPG	7	12937	5125.64	2191.73	147	135	131
DJI_0021.JPG	225	37877	4501.09	2799.14	87	71	48
DJI_0021.JPG	240	5604	4112.35	2491.82	255	252	255
DJI_0021.JPG	102	5815	4812.36	2359.65	210	167	116
DJI_0021.JPG	103	1308	5104.37	2742.11	85	57	40
DJI_0021.JPG	100	969	5014.81	2442.34	73	49	59
DJI_0021.JPG	101	844	4989.81	2477.63	251	239	235
DJI_0021.JPG	106	3220	4332.33	2319.7	157	119	114
DJI_0021.JPG	107	3316	4256.44	2642.13	77	73	115
DJI_0021.JPG	104	7108	3332.6	2341.45	216	216	228
DJI_0021.JPG	105	14387	3721.27	2488.32	164	158	163
DJI_0021.JPG	39	12218	5096.03	2369.61	80	73	54
DJI_0021.JPG	38	357	4896.94	2450.82	69	47	42
DJI_0021.JPG	33	2095	4653.17	2029.16	224	222	204
DJI_0021.JPG	32	10588	4458.72	2712.15	241	240	250
DJI_0021.JPG	31	15056	3031.27	2723.1	82	71	74
DJI_0021.JPG	30	14022	2939.66	2250.23	133	132	148
DJI_0021.JPG	37	18980	3536.08	2383.88	255	252	249
DJI_0021.JPG	35	1282	5093.7	2207.16	43	27	28
DJI_0021.JPG	34	9759	5017.62	2459.18	137	119	120
DJI_0021.JPG	205	11414	5066.82	2527.25	255	244	236
DJI_0021.JPG	223	17314	4239.76	2079.69	243	236	249
DJI_0021.JPG	176	14929	5197.2	2199.73	119	112	117
DJI_0021.JPG	60	4034	4206.35	2397.36	49	28	31
DJI_0021.JPG	61	5155	4135.29	2622.97	59	38	41
DJI_0021.JPG	62	6151	3360.86	2248.77	115	103	115
DJI_0021.JPG	64	2291	4679.21	2060.76	235	232	247
DJI_0021.JPG	66	2324	4683.59	2581.18	231	223	223
DJI_0021.JPG	67	16677	5211.88	2438.22	245	231	225
DJI_0021.JPG	68	15043	4552.1	2753.73	255	250	234
DJI_0021.JPG	69	10644	3869.24	2626.79	128	115	131
DJI_0021.JPG	175	1897	3217.28	2374.77	41	36	33
DJI_0021.JPG	174	12037	494.89	2212.75	246	255	241
DJI_0021.JPG	173	9632	3251.6	2620.55	105	89	83
DJI_0021.JPG	172	14930	5197.2	2199.73	119	112	117
DJI_0021.JPG	171	9659	5310.03	2810.8	90	70	83
DJI_0021.JPG	203	10068	5025.07	2448.76	98	84	88
DJI_0021.JPG	222	2301	1288.28	2181.04	238	248	255
DJI_0021.JPG	182	14845	4548.59	2688.04	186	204	241
DJI_0021.JPG	183	15277	3674.56	2141.14	245	236	239
DJI_0021.JPG	180	12222	5096.1	2227.95	69	51	44
DJI_0021.JPG	2	13159	5135.93	2220	251	255	252
DJI_0021.JPG	162	783	4970.22	2554.04	213	190	175
DJI_0021.JPG	187	1148	535.868	2388.76	255	255	255
DJI_0021.JPG	184	7272	4037.1	2318.97	255	255	252
DJI_0021.JPG	6	19871	4586.7	2639.5	108	119	141
DJI_0021.JPG	186	11969	3181.2	2189.05	235	244	255
DJI_0021.JPG	188	1036	3884.83	2615.06	255	251	244
DJI_0021.JPG	202	24864	481.727	529.544	228	239	223
DJI_0021.JPG	196	8729	4984.66	2563.23	230	220	220
DJI_0021.JPG	221	385	4124.19	2150.05	82	57	67
DJI_0021.JPG	185	6676	4711.81	2681.1	45	19	13
DJI_0021.JPG	99	2148	3359.9	2232.78	39	27	39
DJI_0021.JPG	168	10329	4453.86	2382.66	231	228	243
DJI_0021.JPG	169	3699	3455.14	2718.06	190	185	186
DJI_0021.JPG	229	1425	4514.29	2789.89	21	10	18
DJI_0021.JPG	228	5765	3547.39	2353.94	92	81	101
DJI_0021.JPG	91	21027	3365.92	2236.96	122	111	114
DJI_0021.JPG	90	2529	3449.37	2341.38	255	251	253
DJI_0021.JPG	93	10308	5300.39	2343.34	119	224	181
DJI_0021.JPG	92	5812	4812.36	2359.65	210	167	116
DJI_0021.JPG	95	8882	3581.12	2491.16	244	237	242
DJI_0021.JPG	94	3597	4681.42	2536.76	38	23	27
DJI_0021.JPG	97	10722	5044.33	2489.59	76	54	89
DJI_0021.JPG	96	7697	4015.86	2626.53	70	59	55
DJI_0021.JPG	11	11233	4471.23	2777.67	68	58	28
DJI_0021.JPG	10	54	3503.79	2487.59	255	255	254
DJI_0021.JPG	13	6362	3354.43	2233.75	243	243	255
DJI_0021.JPG	15	27514	2627.47	2287.1	237	240	255
DJI_0021.JPG	17	7699	3315.99	2402.41	225	227	237
DJI_0021.JPG	16	14382	3721.38	2405.35	156	149	154
DJI_0021.JPG	19	409	4112.63	2460.49	255	255	250
DJI_0021.JPG	117	11525	5071.1	2541.04	40	16	26
DJI_0021.JPG	116	7130	3560.66	2320.58	99	92	97
DJI_0021.JPG	204	8125	3509.72	2444.92	231	229	235
DJI_0021.JPG	151	16166	5220.56	2724.61	108	100	100
DJI_0021.JPG	150	9249	2533.06	2119.55	223	228	253
DJI_0021.JPG	152	753	4002.59	2657.8	84	65	62
DJI_0021.JPG	155	16153	5220.67	2779.74	60	35	39
DJI_0021.JPG	154	8677	4983.17	2452.64	199	188	180
DJI_0021.JPG	157	6578	4072.78	2344.16	109	84	82
DJI_0021.JPG	156	6860	4056.26	2316.09	112	88	76
DJI_0021.JPG	159	9754	3591.98	2221.39	175	213	191
DJI_0021.JPG	158	7490	4947.94	2446.56	228	212	213
DJI_0021.JPG	238	6047	3364.18	2234.54	214	199	203
DJI_0021.JPG	234	13834	5256.41	2483.69	126	107	116
DJI_0021.JPG	235	6231	4086.8	2093.98	110	91	88
DJI_0021.JPG	236	12422	5274.13	2440.53	255	229	225
DJI_0021.JPG	237	3671	4230.17	2110.88	236	232	238
DJI_0021.JPG	230	26946	3905.2	2687.62	174	159	156
DJI_0021.JPG	231	14061	5253.38	1094.79	25	29	18
DJI_0021.JPG	232	804	4796.39	2265.9	215	215	209
DJI_0021.JPG	233	1724	5230.29	2438.77	237	222	203
DJI_0021.JPG	49	1051	5035.92	2527.15	45	36	56
DJI_0021.JPG	46	9954	5306.08	2342.66	3	108	0
DJI_0021.JPG	47	16080	4323.89	2698.3	84	63	78
DJI_0021.JPG	44	13275	3773.74	2430.15	222	221	231
DJI_0021.JPG	45	20047	5165.6	2206.8	241	241	255
DJI_0021.JPG	42	2325	4683.93	2508.75	34	20	21
DJI_0021.JPG	43	30650	5064.11	2346.61	255	251	255
DJI_0021.JPG	40	2461	3451.01	2275.7	43	48	87
DJI_0021.JPG	41	1952	3239.44	2626.07	244	242	242
DJI_0021.JPG	1	1637	5191.39	2438.54	240	219	211
DJI_0021.JPG	5	25900	5085.78	2195.11	202	206	225
DJI_0021.JPG	9	20757	5257.08	2762.67	69	56	58
DJI_0021.JPG	146	6233	3358.33	2257.07	100	76	86
DJI_0021.JPG	147	24361	4968.48	2413.69	158	146	142
DJI_0021.JPG	144	20903	4522.65	2382.08	246	249	255
DJI_0021.JPG	145	7384	3324.66	2365.3	217	222	237
DJI_0021.JPG	142	6616	3347.71	2232.69	247	243	254
DJI_0021.JPG	143	27053	2597.94	3037.58	252	247	255
DJI_0021.JPG	140	16455	4275.4	2641.62	248	234	245
DJI_0021.JPG	141	2149	3359.9	2232.78	39	27	39
DJI_0021.JPG	209	7255	3328.47	2357.46	231	235	254
DJI_0021.JPG	208	92	4269.66	2323.13	39	28	24
DJI_0021.JPG	148	5822	4908.38	2534.18	65	49	43
DJI_0021.JPG	149	1946	3238.8	2190.78	241	247	255
DJI_0021.JPG	77	8737	4984.92	2396.08	125	110	101
DJI_0021.JPG	76	7312	3326.91	2353.25	214	217	231
DJI_0021.JPG	75	4678	4161.57	2593.21	169	143	131
DJI_0021.JPG	74	15274	4558.83	2683.23	246	233	235
DJI_0021.JPG	73	5156	4135.29	2622.97	59	38	41
DJI_0021.JPG	72	10560	3601.38	2239.97	18	10	11
DJI_0021.JPG	71	6234	4086.76	2539.09	239	242	255
DJI_0021.JPG	70	32052	1362.15	2542.34	255	249	249
DJI_0021.JPG	79	2245	3537.17	2378.54	46	27	22
DJI_0021.JPG	78	1919	5300.13	2155.65	255	255	248
DJI_0021.JPG	227	304	4151.73	2520.84	134	117	126
DJI_0022.JPG	216	16128	4635.75	3534.66	80	76	88
DJI_0022.JPG	217	35238	3626.7	3304.32	248	230	223
DJI_0022.JPG	214	35243	3626.7	3304.32	248	230	223
DJI_0022.JPG	212	22041	4118.92	3179.43	81	53	112
DJI_0022.JPG	213	5989	5013.33	3207.28	255	240	233
DJI_0022.JPG	210	37547	3609.27	2511.77	54	49	46
DJI_0022.JPG	211	12592	5086.18	3244.32	236	221	219
DJI_0022.JPG	165	13400	3381.53	3418.04	116	87	66
DJI_0022.JPG	218	16533	4630.43	3608	72	104	115
DJI_0022.JPG	219	32574	1966.28	1045.76	92	81	77
DJI_0022.JPG	133	15462	5306.96	3133.53	248	235	233
DJI_0022.JPG	132	27816	4532.88	3392.4	157	142	139
DJI_0022.JPG	131	1103	3696.21	3317.43	255	254	255
DJI_0022.JPG	137	17560	1972.26	882.514	235	248	255
DJI_0022.JPG	136	12216	3369.82	3389.1	247	241	252
DJI_0022.JPG	134	8295	3981.2	3421.98	255	250	255
DJI_0022.JPG	139	34035	3885.09	3435.06	96	78	85
DJI_0022.JPG	138	23334	5196.86	3302.04	48	23	19
DJI_0022.JPG	166	13424	3586.6	3308.67	247	245	244
DJI_0022.JPG	24	5557	5400.83	2847.89	15	23	13
DJI_0022.JPG	25	15272	5116.16	3298.64	136	117	112
DJI_0022.JPG	26	14579	4162.49	3181.5	113	81	98
DJI_0022.JPG	27	12839	4352.78	3509.39	236	228	245
DJI_0022.JPG	20	8371	3629.42	3180.92	255	252	255
DJI_0022.JPG	21	18500	3434.63	3057.08	123	109	121
DJI_0022.JPG	22	9577	4775.6	3431.69	255	252	248
DJI_0022.JPG	23	9628	4774.14	3364.81	43	22	20
DJI_0022.JPG	160	6752	4297.23	3473.81	72	54	71
DJI_0022.JPG	28	5763	5010.86	3328.25	42	11	12
DJI_0022.JPG	29	37757	211.625	3418.93	199	243	230
DJI_0022.JPG	161	16399	2910.76	2769.45	103	92	102
DJI_0022.JPG	0	15687	5121.12	3311.13	96	70	84
DJI_0022.JPG	4	11983	3867.77	3222.3	234	233	237
DJI_0022.JPG	8	8103	3631.64	3305.9	255	243	251
DJI_0022.JPG	163	17905	3428.39	3127.26	214	217	231
DJI_0022.JPG	119	13112	4354.89	3505.13	100	88	118
DJI_0022.JPG	120	12446	3865.84	3279.25	255	252	239
DJI_0022.JPG	121	13755	3384.92	3392.2	73	47	33
DJI_0022.JPG	122	21	3252.91	3399.48	255	255	238
DJI_0022.JPG	123	9189	4781.31	3340.58	237	233	204
DJI_0022.JPG	124	12102	5081.76	3268.79	55	37	44
DJI_0022.JPG	125	18804	4597.1	2427.31	96	60	44
DJI_0022.JPG	126	5631	1177.49	2990.35	248	253	255
DJI_0022.JPG	127	13320	4016.24	3529.63	50	29	61
DJI_0022.JPG	129	13698	3861.04	3307.32	237	234	230
DJI_0022.JPG	220	5256	3893	2955.44	246	209	147
DJI_0022.JPG	59	10222	5058.32	3395.51	212	189	173
DJI_0022.JPG	58	9165	4781.96	3423.42	59	37	42
DJI_0022.JPG	57	15977	2916.54	2777.88	119	108	110
DJI_0022.JPG	56	32576	1966.28	1045.76	92	81	77
DJI_0022.JPG	51	14532	4668.99	2875.8	254	254	240
DJI_0022.JPG	50	23407	3803.79	3264.89	156	151	150
DJI_0022.JPG	53	21985	5181.55	2975.16	41	35	28
DJI_0022.JPG	52	20994	4445.79	3040.75	255	255	249
DJI_0022.JPG	164	11232	5346.57	3571.2	214	212	212
DJI_0022.JPG	201	32596	3737.41	3457.85	251	242	238
DJI_0022.JPG	199	13012	5330.13	3345.95	134	115	112
DJI_0022.JPG	198	7669	1251.44	3509.84	234	248	246
DJI_0022.JPG	200	19841	5160.53	3356.9	253	238	229
DJI_0022.JPG	195	19937	5161.79	3290.92	255	255	251
DJI_0022.JPG	194	6538	4294.14	3467.18	245	243	249
DJI_0022.JPG	197	13925	5320.95	3340.86	255	255	245
DJI_0022.JPG	178	2175	1021.92	3511.03	200	255	255
DJI_0022.JPG	191	35502	3748.51	3218.4	223	220	236
DJI_0022.JPG	190	6153	4290.91	3561.63	231	222	225
DJI_0022.JPG	192	19842	5160.53	3356.9	253	238	229
DJI_0022.JPG	115	2582	3681	3061.35	136	178	155
DJI_0022.JPG	114	15671	5305.21	3560.68	246	241	240
DJI_0022.JPG	88	18159	5279.78	3289.8	255	252	230
DJI_0022.JPG	89	11435	5344.9	3285.42	75	54	56
DJI_0022.JPG	111	23699	5229.07	3027.17	250	253	251
DJI_0022.JPG	110	10096	4764.64	3479.85	46	27	20
DJI_0022.JPG	113	19385	5267.21	3001.18	135	121	133
DJI_0022.JPG	112	9726	3617.96	3269.14	255	253	245
DJI_0022.JPG	82	5724	3735.34	3462.03	255	251	251
DJI_0022.JPG	83	24962	4098.48	3551.3	249	240	236
DJI_0022.JPG	80	9806	5360.4	3279.77	49	23	16
DJI_0022.JPG	81	7461	4302.84	3219.8	54	36	19
DJI_0022.JPG	86	19582	3443.59	3030.59	216	222	229
DJI_0022.JPG	87	1486	898.473	727.06	229	236	255
DJI_0022.JPG	84	29466	5170.11	3370.2	61	40	49
DJI_0022.JPG	85	30689	4135.76	3273.43	186	176	193
DJI_0022.JPG	207	13923	5099.34	3327.52	72	55	59
DJI_0022.JPG	206	24473	3814.31	3299.07	155	149	154
DJI_0022.JPG	226	14534	4668.99	2875.8	254	254	240
DJI_0022.JPG	3	16267	4385.33	3050.5	242	239	241
DJI_0022.JPG	177	30233	4573.21	3581.86	231	219	207
DJI_0022.JPG	7	24934	5218.96	2998.55	150	126	120
DJI_0022.JPG	225	18886	4595.96	3615.16	48	35	37
DJI_0022.JPG	108	12070	4006.18	2008.51	114	148	107
DJI_0022.JPG	240	5341	4205.61	3324.42	255	255	248
DJI_0022.JPG	102	2624	4907.76	3184.03	211	177	123
DJI_0022.JPG	103	23905	5202.91	3568.65	83	57	33
DJI_0022.JPG	100	14972	5112.7	3282.82	75	54	53
DJI_0022.JPG	101	12864	5088.48	3317.8	245	235	218
DJI_0022.JPG	106	30836	4423.16	3140.21	146	133	125
DJI_0022.JPG	107	13114	4354.89	3505.13	100	88	118
DJI_0022.JPG	104	16889	3418.6	3144.78	205	198	219
DJI_0022.JPG	105	24978	3811.41	3310.37	168	156	152
DJI_0022.JPG	39	22949	5192.1	3197.49	77	70	55
DJI_0022.JPG	38	4114	4994.03	3288.21	52	30	19
DJI_0022.JPG	33	11388	4740.83	2823.62	219	213	202
DJI_0022.JPG	32	20996	4552.94	3529.27	244	236	247
DJI_0022.JPG	31	6432	3121.03	3556.27	86	72	74
DJI_0022.JPG	30	10984	3025.89	3080.88	153	143	160
DJI_0022.JPG	37	35475	3625.02	3205.53	255	253	252
DJI_0022.JPG	36	3570	3671.56	2540.4	255	255	247
DJI_0022.JPG	35	22444	5186.4	3014.96	51	24	34
DJI_0022.JPG	34	15270	5116.16	3298.64	136	117	112
DJI_0022.JPG	205	20210	5164.67	3365.78	255	239	236
DJI_0022.JPG	223	10353	4328.8	2898.73	239	229	246
DJI_0022.JPG	176	17169	5289.57	3003.83	129	117	145
DJI_0022.JPG	60	7033	4299.6	3235.32	59	41	34
DJI_0022.JPG	61	858	4230.71	3465.75	66	42	66
DJI_0022.JPG	62	19859	3446.15	3052	96	98	109
DJI_0022.JPG	64	9970	4767.22	2854.43	238	232	249
DJI_0022.JPG	66	9429	4777.5	3397.27	232	222	215
DJI_0022.JPG	67	15043	5310.63	3275.93	255	234	242
DJI_0022.JPG	68	15518	4646.81	3571.52	244	235	222
DJI_0022.JPG	69	6507	3964.94	3477.35	130	119	129
DJI_0022.JPG	175	5174	3301.23	3191.73	32	32	32
DJI_0022.JPG	174	18528	562.305	3013.45	255	255	248
DJI_0022.JPG	173	9368	3340.95	3446.69	119	97	92
DJI_0022.JPG	172	17166	5289.57	3003.83	129	117	145
DJI_0022.JPG	171	4728	5409.51	3633.44	105	81	75
DJI_0022.JPG	203	15862	5123.08	3289.26	98	84	86
DJI_0022.JPG	222	10819	1361.5	2980.49	225	243	244
DJI_0022.JPG	182	15675	4644.02	3506.02	209	198	244
DJI_0022.JPG	183	11959	3762.3	2963.71	254	243	253
DJI_0022.JPG	180	22695	5189.08	3036.19	69	43	37
DJI_0022.JPG	2	23700	5229.07	3027.17	250	253	251
DJI_0022.JPG	162	11088	5068.54	3393.99	193	178	169
DJI_0022.JPG	187	15450	604.722	3192.77	255	255	246
DJI_0022.JPG	184	20724	4127.9	3141.02	251	255	247
DJI_0022.JPG	6	36680	4679.8	3438.96	114	116	147
DJI_0022.JPG	186	1199	3265.06	2990.99	234	242	255
DJI_0022.JPG	188	8208	3980.19	3465.07	255	255	236
DJI_0022.JPG	196	12270	5083.27	3403.25	225	214	216
DJI_0022.JPG	221	3774	4213.88	2970.09	69	51	52
DJI_0022.JPG	185	7731	4808.04	3503.52	52	41	21
DJI_0022.JPG	99	19759	3445.33	3035.65	43	16	36
DJI_0022.JPG	98	1251	903.509	497.986	94	84	107
DJI_0022.JPG	168	21515	4546.75	3201.22	231	227	238
DJI_0022.JPG	169	18036	3547.3	3555.62	187	178	188
DJI_0022.JPG	229	17947	4609.82	3605.58	50	48	47
DJI_0022.JPG	228	7643	3636.2	3174.62	111	105	128
DJI_0022.JPG	91	29923	3451.3	3040.21	114	105	102
DJI_0022.JPG	90	19322	3537.05	3159.21	255	249	255
DJI_0022.JPG	93	6186	5394.17	3133.97	126	235	189
DJI_0022.JPG	92	2623	4907.76	3184.03	211	177	123
DJI_0022.JPG	95	29529	3670.72	3310.35	230	222	233
DJI_0022.JPG	94	9597	4775.29	3352.24	33	26	33
DJI_0022.JPG	97	18007	5142.43	3328.99	80	59	84
DJI_0022.JPG	96	22750	4113.19	3489.68	94	83	75
DJI_0022.JPG	11	20301	4566.77	3593.77	60	45	43
DJI_0022.JPG	10	12628	3593.06	3310.6	250	248	248
DJI_0022.JPG	13	19078	3439.89	3036.65	242	243	247
DJI_0022.JPG	15	21456	2707.94	3085.83	228	235	255
DJI_0022.JPG	17	15289	3402.18	3207.23	231	233	244
DJI_0022.JPG	16	24891	3810.76	3226.08	139	133	134
DJI_0022.JPG	19	5330	4205.72	3294.5	255	255	245
DJI_0022.JPG	117	20716	5169.24	3380.56	29	22	29
DJI_0022.JPG	116	6130	3648.81	3141.7	98	88	104
DJI_0022.JPG	151	14046	5319.62	3547.78	111	102	98
DJI_0022.JPG	150	34772	2616.13	2956.42	229	226	241
DJI_0022.JPG	152	24756	4100.3	3516.1	83	64	56
DJI_0022.JPG	155	14012	5320.06	3602.99	68	37	40
DJI_0022.JPG	154	12074	5081.16	3293.36	191	180	182
DJI_0022.JPG	157	14575	4162.49	3165.91	108	81	85
DJI_0022.JPG	156	18113	4145.85	3138.65	116	89	79
DJI_0022.JPG	159	2730	3679.59	3041.3	146	197	169
DJI_0022.JPG	158	8927	5044.71	3283.54	230	215	212
DJI_0022.JPG	238	20184	3449.51	3037.73	219	208	200
DJI_0022.JPG	234	10402	5355.5	3318.24	102	83	80
DJI_0022.JPG	235	12119	4174.24	2914.29	119	102	105
DJI_0022.JPG	236	8082	5374.17	3277.22	249	224	204
DJI_0022.JPG	237	9427	4319.55	2929.86	255	252	254
DJI_0022.JPG	230	38201	4000.42	3533.57	153	142	145
DJI_0022.JPG	231	12671	5333.61	1874.96	40	38	27
DJI_0022.JPG	232	3467	4888.47	3072.38	211	212	210
DJI_0022.JPG	233	13056	5329.63	3276.35	221	209	197
DJI_0022.JPG	49	17100	5134.54	3365.92	72	57	78
DJI_0022.JPG	46	5686	5399.18	3133.2	3	101	47
DJI_0022.JPG	47	30837	4423.04	3561.83	75	61	79
DJI_0022.JPG	44	12494	3865.7	3266.43	226	212	214
DJI_0022.JPG	45	30018	5258.59	3012.21	238	234	253
DJI_0022.JPG	42	9421	4777.56	3324.47	43	29	31
DJI_0022.JPG	43	30563	5159.78	3165.92	255	252	255
DJI_0022.JPG	40	19113	3538.66	3093.49	48	49	83
DJI_0022.JPG	41	8118	3328.51	3451.23	236	236	230
DJI_0022.JPG	1	17111	5290.13	3276.04	246	229	210
DJI_0022.JPG	5	28614	5178.45	3000.88	206	207	227
DJI_0022.JPG	9	37142	5356.47	3592.95	63	52	54
DJI_0022.JPG	146	19594	3443.73	3060.1	107	99	109
DJI_0022.JPG	147	10847	5065.51	3250.86	157	143	137
DJI_0022.JPG	144	17640	4614.13	3190.14	242	246	255
DJI_0022.JPG	145	16129	3410.66	3169.22	210	217	237
DJI_0022.JPG	142	18328	3432.74	3035.52	237	236	255
DJI_0022.JPG	204	11848	3599.06	3267.18	233	234	238
DJI_0022.JPG	140	35505	4374.1	3504.56	240	233	238
DJI_0022.JPG	141	19761	3445.33	3035.65	43	16	36
DJI_0022.JPG	209	16504	3414.38	3160.92	227	231	250
DJI_0022.JPG	148	5150	5004.55	3360.5	66	44	38
DJI_0022.JPG	149	7553	3323.05	2993.11	228	233	255
DJI_0022.JPG	77	12089	5081.58	3233.47	139	122	109
DJI_0022.JPG	76	16354	3412.88	3157.05	216	218	229
DJI_0022.JPG	75	2300	4256.87	3436.05	175	149	137
DJI_0022.JPG	74	15148	4654.34	3501.6	255	244	246
DJI_0022.JPG	73	859	4230.71	3465.75	66	42	66
DJI_0022.JPG	72	1749	3689.41	3060.46	5	20	12
DJI_0022.JPG	71	11131	4178.79	3360.09	236	242	241
DJI_0022.JPG	70	13026	1440.88	3371.9	249	239	245
DJI_0022.JPG	79	8756	3626	3200.27	56	36	11
DJI_0022.JPG	78	6623	5389.96	2942.3	255	255	244
DJI_0022.JPG	227	1127	4245.28	3353.52	147	130	151
